title,address
Comptable/ Financier ,"Mégrine, Ben Arous"
Conseiller / Conseillère client,"Centre Urbain Nord ( à 100m de la station métro ""Cité des sciences"" )"
Comptable,"Mégrine, Ben Arous"
Conseillers client Assistance technique,"Le Kram (Déléguations), Tunis"
Télévendeurs,"Ben Arous, Tunis"
Télévendeurs,"Le Kram (Déléguations), Tunis"
Ingénieur mécanique/ électronique,"Mégrine, Ben Arous"
Conseillers client Assistance technique,Tunis
Développeur Front-End,Tunis
Chef d’agence a Medenine,Tunis
Téléopérateurs a Bizerte salaire 800DT,Bizerte
Responsable magasin et assistant(e) prêt a porter,"Gabes, Monastir, Kelibia, Sfax, Nabeul "
Rédacteur/rédactrice web à Tunis,Tunis
CONSULTANT PRODUCTION,Tunis
Agent commercial à l'export,"Soukra, Ariana"
Graphiste à Bizerte,"Bizerte, Tunisie"
Consultant national en pédagogie/éducation à la sexualité,Tunis
Développeurs PHP/Symfony à Bizerte,Bizerte
Conducteur machine offset/imprimeur offset,Zaghouan (Gouvernorats)
Webmaster,"Cité El Khadhra, Tunis"
Responsable Contrôle qualité,Sfax
Customer Service Advisor in Web Solutions,"Cité El Khadhra, Tunis"
Un(e) gestionnaire,Sousse
Commercial,Tunis
Formateur Gestion de Stock,Tunis
Stagiaire,"Le Kram (Déléguations), Tunis"
Coordinatrice en agence immobilière à Hammamet,"Hammamet (Déléguations), Nabeul"
Ingénieur Electro Mécanique,Tunis
Architecte junior,"Notre atelier se trouve à Agadir, Maroc. "
infographiste,"Ksar Helal (Déléguations), Monastir"
JUNIOR REACT JS DEVELOPER,Tunis
Développeur C# (Poste basé à Paris),"Paris, France (FR)"
Auditeur débutant,Tunis
Responsable Financier et Administratif à Zaghouan,Zaghouan (Gouvernorats)
Développeur Web (wordpress et prestashop) à Sfax,Sfax
Chef de centre,Tunis
Conseillère de vente/ Esthéticienne à TUNIS,Tunis
Assistante commerciale /graphiste,Sousse
Technicien,"Naassen, Fouchana"
Ingénieur Qualité Produit,"Naassen, Fouchana"
3 Juristes,Ariana
4 ingénieurs - IE android - IOS,Ariana
Opérateurs sur machines à commandes numériques spécialité fraisage,"Fouchana (Déléguations), Ben Arous"
conseillères de vente,Nabeul (Gouvernorats)
Des téléopérateurs expérimentés,Tunis
Assistante de direction,"Ksar Hellal, Tunisie"
Psychics Advisors,"Sousse, Sousse Médina"
Psychics Advisors,"Sousse, Sousse Médina"
Psychics Advisors,"Sousse, Sousse Médina"
Psychics Advisors,"Sousse, Sousse Médina"
Psychics Advisors,"Sousse, Sousse Médina"
Psychics Advisors,"Sousse, Sousse Médina"
Psychics Advisors,"Sousse, Sousse Médina"
Psychics Advisors,"Sousse, Sousse Médina"
Psychics Advisors,"Sousse, Sousse Médina"
Psychics Advisors,"Sousse, Sousse Médina"
Psychics Advisors,"Sousse, Sousse Médina"
Psychics Advisors,"Sousse, Sousse Médina"
Psychics Advisors,"Sousse, Sousse Médina"
Psychics Advisors,"Sousse, Sousse Médina"
Psychics Advisors,"Sousse, Sousse Médina"
Back-End Developper (PHP),Tunis
2 Développeurs c/c++,Ariana
_Un Responsable Système de Management Qualité,Ariana
Opportunity! Call center Team managers,Tunisie
Opportunity! Call center Team managers,Tunisie
Téléacteurs/Téléactrices à Tunis,Tunis
Technicien en sérigraphie et transfert à chaud sur textile,Sousse
Travel Manager,"Immeuble « Victory » Rue Safia Farhat à Salhoul 3 derrière café & Resto ""Matignon"" à côté de la lib"
Responsable Production,Ben Arous (Gouvernorats)
"Analyste développeur Android : langage : java / kotlin, gradle, dagger, rxandroid",France (FR)
Développeur sénior php symfony 4 (4 à 5 ans d'expérience),France (FR)
Contrôleur conformité junior (H/F),"Immeuble « Victory » Rue Safia Farhat à Salhoul 3 derrière café & Resto ""Matignon"" à côté de la lib"
Assistante de direction,Tunis
Digital Marketer,Sousse
Senior Java JEE Developer,Tunis
Responsable Comptable,"La Marsa, Tunis"
Junior .Net Developer,Tunis
Sales manager,"Berge du Lac, La Marsa"
ReactJS Developer,Tunis
Full Stack Front-End Developer,"Berge du Lac, La Marsa"
Développeur full-stack,"Montplaisir, Tunis, Tunisie"
Téléprospectrices Grands Comptes (à Manouba),"Manouba, Tunisie"
Chargé (e) relation client,"Sidi Bou Ali (Déléguations), Sousse"
Stage (à distance) Designer UI/UX,Tunis
 e-Marketing - Customer Service - Sales,Republic Avenue. Laatiri BLDG. 4011. Hammam Sousse. Tunisia
Économe,"Charguia 2, Soukra"
Chef de projet Salesforce,"Charguia 2, Soukra"
Ingénieur Support (pour le compte d’Airbus),"Ariana, Tunisie"
Ingénieur Support (pour le compte d’Airbus),"Ariana, Tunisie"
Ingénieur Support (pour le compte d’Airbus),"Ariana, Tunisie"
Chargé Administratif & Comptable,Tunis
Metrologist / Technicien(ne) en metrologie,Sousse
technico-commercial,Sfax
Comptable,Tunis
Line Manager,"Mégrine, Ben Arous"
Responsable qualité informatique,"IMH INFORMATIQUE, Ariana, Tunisie"
Responsable qualité informatique,"IMH INFORMATIQUE, Ariana, Tunisie"
Responsable qualité informatique,"IMH INFORMATIQUE, Ariana, Tunisie"
Une assistante RH,"El Omrane (Déléguations), Tunis"
Chef d'équipe,"Charguia 2, Soukra"
Ingénieur Test et Validation,"IMH INFORMATIQUE, Ariana, Tunisie"
Développeur senior PHP/ JavaScript,Tunis
Ingénieur Test et Validation,"IMH INFORMATIQUE, Ariana, Tunisie"
Ingénieur Test et Validation,"IMH INFORMATIQUE, Ariana, Tunisie"
INGÉNIEURS DÉVELOPPEMENT DOTNET,Tunis
INGÉNIEURS DÉVELOPPEMENT DOTNET,Tunis
Pre-sales technician supports,"El Menzah 6, Ariana Médina"
Chargé relation client,Sousse Sidi Bou Ali
Gestionnaire de lignes mobiles (non technique),Sousse
Télé-commercial(e) expérimenté(e),"Hammam Sousse (Déléguations), Sousse"
"Pour notre filiale, basée à sousse ,le centre d'appel sunmed sousse recrute Un Technicien Réseau",Sousse
Technico-commercial expérimenté,"Hammam Sousse (Déléguations), Sousse"
Electromechanical / Mechanical /Material Engineer,Sfax
Recrutement superviseur,Tunisie
Community Manager & Web Marketing,Le Bardo
Security Consultant,Tunis
Chargé(e) Client,"Hammam Sousse (Déléguations), Sousse"
"Chef de projet : retail, lan wifi",France (FR)
Développeurs PHP Symfony,France (FR)
IT Delivery Manager (Système et sécurité informatique),Tunis
Une/un Administrateur Système et sécurité informatique,Tunis
Senior Eclipse RCP Developer,Ariana
Chargé booking - poste basé à Hammamet,"Hammamet (Déléguations), Nabeul"
Des Superviseurs Electricité ( Poste basé à Angola ) ,Angola (AO)
Wan waycommunications recrutement en réception d'appels à temps partiel le weekend,"Soukra, Ariana"
Des Téléacteurs De 09h à 13h,"Cité El Khadhra, Tunis"
Des Téléacteurs De 09h à 13h,"Cité El Khadhra, Tunis"
Des Téléacteurs (H/F) de 09h à 15h,"Cité El Khadhra, Tunis"
Des Téléacteurs De 09h à 13h,"Cité El Khadhra, Tunis"
DevOps / Senior Support Engineer,Tunis
DESIGNER GRAPHIQUE,Tunis
COMMERCIAL TERRAIN (Poste basé à Nabeul),Nabeul (Gouvernorats)
Community Manager & Web Marketeur,"Sousse Jawhara, Sousse"
Sevice Delivery Manager,Tunis
QA ENGINEER/EIT (Automatisation des tests),Tunis
Software Engineer Java / IoT in Tunis,Tunis
Front End / Back End / Full Stack Engineer,"La Marsa, Tunis"
Techniciens Support Exploitation Junior,"Lafayette, Tunis, Tunisie"
Business Intelligence / Data Analyst Engineer,"La Marsa, Tunis"
Télé-vendeur(se) expérimenté(e),"Hammam Sousse (Déléguations), Sousse"
Senior HR and Logistics Manager_Chemonics (FIRST),Tunis
Quality Manager,Sfax
Supervisor post,"La Charguia II, Tunis, Tunisie"
Supervisor post,"La Charguia II, Tunis, Tunisie"
Supervisor post,"La Charguia II, Tunis, Tunisie"
Supervisor post,"La Charguia II, Tunis, Tunisie"
Supervisor post,"La Charguia II, Tunis, Tunisie"
Supervisor post,"La Charguia II, Tunis, Tunisie"
Supervisor post,"La Charguia II, Tunis, Tunisie"
Supervisor post,"La Charguia II, Tunis, Tunisie"
Supervisor post,"La Charguia II, Tunis, Tunisie"
Supervisor post,"La Charguia II, Tunis, Tunisie"
Supervisor post,"La Charguia II, Tunis, Tunisie"
Supervisor post,"La Charguia II, Tunis, Tunisie"
Supervisor post,"La Charguia II, Tunis, Tunisie"
Supervisor post,"La Charguia II, Tunis, Tunisie"
Supervisor post,"La Charguia II, Tunis, Tunisie"
développeur Windev,Kairouan
Experienced JavaScript developer,Tunis
Odoo & Python Developer,Tunis
Développeur android,Sousse
(Junior) Software-Engineer Java (m/f),Tunis
FULLSTACK DEVELOPER,"Mégrine, Ben Arous"
Team manager,"Sousse Médina, Sousse"
Team manager,"Sousse Médina, Sousse"
Team manager,"Sousse Médina, Sousse"
Team manager,"Sousse Médina, Sousse"
Team manager,"Sousse Médina, Sousse"
Team manager,"Sousse Médina, Sousse"
Team manager,"Sousse Médina, Sousse"
Team manager,"Sousse Médina, Sousse"
Team manager,"Sousse Médina, Sousse"
Team manager,"Sousse Médina, Sousse"
Team manager,"Sousse Médina, Sousse"
iOS /Android Developper ,"Cité El Ghazala 1, Raoued"
Team manager,"Sousse Médina, Sousse"
Team manager,"Sousse Médina, Sousse"
Team manager,"Sousse Médina, Sousse"
Team manager,"Sousse Médina, Sousse"
Office Administrator,Tunis
Junior or Senior Graphic Designer,Tunis
Linux System Administrator,"Cité El Khadhra, Tunis"
Java JEE Developer,"Menzah 1 - 6 Rue Taimour, Tunis, 1004, Tunisia"
One Identity Manager – IDM Developer,"Berge du Lac, La Marsa"
Assistant Commercial (à Sfax),Sfax
Des Téléacteurs (H/F) Mi-Temps de 09h à 13h,"Cité El Khadhra, Tunis"
Un ingénieur confirmé JAVA J2EE (Poste basé à Paris),France (FR)
Agent immobilier à Hammamet (habitant Hammamet et alentours),"Hammamet (Déléguations), Nabeul"
Hotliners,"Les Berges Du Lac II, Tunis, Gouvernorat de Tunis, Tunisie"
conseillère clientèle,"La Marsa, Tunis"
Un(e) Assistant(e) Commercial(e),Ariana
Conseiller voyage H/F,Ariana
Assistante de Direction,Ariana
Agent d’accueil et bureau d’ordres,Sfax
Web & Mobile Developer,Tunis
CONSEILLERS DE VENTE à Tunis et à Sfax,Sfax
Ingénieur Génie Civil à Tunis,Tunis
Designer produit,Sousse
Développeur Python (H/F),Tunis
Conseillers client Assistance commerciale,Ben Arous (Gouvernorats)
Conseillers client Assistance commerciale,Ben Arous (Gouvernorats)
chef pizzaïolo / chef crepiste /maître de salle /un gérant,Ariana
Ingénieur réseau,"Charguia 1, Soukra"
Formatrice Soins Professionnels,Tunis
Assistant(e) Chef Projet IT,Tunisie
Assistante Administrtive,Sousse
Conseillers,Ariana
Corporate HR Information System Specialit,"Sidi Hassine (Déléguations), Tunis"
Télé_commercial Langue Arabe,Nabeul
Assistant(e) comptable (H/F),"El Menzah, Tunis"
Assistante de Direction,"Ksar Said, Le Bardo"
Développeur IOS Confirmé,"Sousse, Tunisie"
Télévendeurs,"Ben Arous, Tunis"
Assistante de Direction,Tunis
SHYRINE PROD recrute un référenceur web débutant,Tunis
"Stage à Distance - Etudes, Stratégie, Marketing, Business Development",Tunis
assistance technique NON PHONE!!!!,Tunis
Chargé de clientèle,"Berge du Lac, La Marsa"
Conseillère Clientèle,"El Menzah, Tunis"
Consultant Cyber Sécurité / Ingénieur sécurité informatique ,Ariana
Consultant Cyber Sécurité / Ingénieur sécurité informatique ,Ariana
Conseillers client Assistance technique ,Sousse
Conseillers client Sousse,Sousse
Conseillers client Assistance commerciale,Tunis
Téléopérateurs opération en espagnol,Tunis
Billing Contract Financial Analyst,Tunis
Développeurs web,"Le Kram (Déléguations), Tunis"
Ingenieur Support Technique dans le domaine de l'Internet des Objets,"Sousse, Tunisie"
Une Assistante de Direction,Kairouan
Conseillers client Assistance technique,Tunis
Conseillers client Assistance commerciale,Tunis
RESPONSABLE POINT DE VENTE,"La Marsa, Tunis"
Superviseur/ BTP ou BTS (F),Gabès
Conseillers client Assistance commerciale,kram
Développeur (H/F),Tunis
Développeur Odoo,"Tunis, Tunisie"
Des Aides traducteurs & une Assistante de direction,Monastir (Gouvernorats)
Des Aides traducteurs & une Assistante de direction,Tunis
Des Aides traducteurs & une Assistante de direction,Sousse
"Développeur informatique, Nouveau diplomé",Tunis
Technicien supérieur en construction et fabrication métallique,Sfax
Opératrice de saisie,"La Mannouba, Mannouba"
Magasinier,"Le Kram (Déléguations), Tunis"
Software Tester,"Cité El Ghazala 1, Raoued"
Techniciens Help Desk,Tunis
Assistante commerciale,"Borj Louzir, Soukra"
Coursier,"El Menzah 9, El Menzah"
Developpeur java 8/ angular 6,"Paris, France (FR)"
Chef d’Agence,Tunis
TÉLÉ-SECRÉTAIRE MÉDICALE,"Ezzahra (Déléguations), Ben Arous"
Assistante Financière,"El Mourouj (Déléguations), Ben Arous"
Prise de RDV auprès des gérants de restaurants,"Megrine Riadh, Mégrine"
Responsable hygiéniste (H/F),"Midoun, Djerba Midoun"
Développeur Junior C#,"La Goulette (Déléguations), Tunis"
Recrutement Ingénieurs informatique [CDI Français],France
Responsable Système Informatique,"Boumerdes, Tunisie"
Webmaster,"El Manar 2, El Menzah"
Français - Italien - Espagnol - Allemand - Anglais,Tunis
Assistant (e) RH confirmé (e)GR 19/002,Nabeul (Gouvernorats)
Responsable Ressources Humaines,Tunis
Ingénieur systèmes : vmware/ office 365,"Paris, France (FR)"
Technicien Support Technique Hotliner (H/F),"Mutuelle Ville, El Menzah"
Stagiaire graphiste 2D(PFE),Tunis
technicien agent publinet,A10
Assistante Commerciale et Administrative,Tunis
Styliste et Modéliste,"Boumerdes, Tunisie"
Chargé(e) Client,"Hammam Sousse (Déléguations), Sousse"
Ingénieur Test et Automatisation,France (FR)
Instructeur Full-Time,"Berge du Lac, La Marsa"
télé-opérateurs,41 avenue khaireddine becha
Conseiller(e)s bien être et minceur,le kram tunis
Technicien /ingénieur méthode,"Grombalia (Déléguations), Nabeul"
Poste en développement des RH,Tunis
Des Stagiaires en Informatique (SIVP),"Charguia 1, Soukra"
Multimedia producer,"Berge du Lac, La Marsa"
Chargé (e) de développement commercial SI,"La Goulette (Déléguations), Tunis"
Active Contact recrute FRANCAIS – ANGLAIS,Derrière l'ambassade de la Lybie
CONSEILLER/CONSEILLÈRE DE MAGASIN,Sfax
25 TELEACTEURS en mi-Temps,Tunis
Recrutement Téléprospectrices,Tunis
RESPONSABLE ACHATS,Tunis
"Développeur Web php : PHP, Laravel or Symfony",14 janvier
RESPONSABLE ACHATS,Tunis
Intégrateur Web,Tunis
Ingénieurs développeur Symfony,"Montplaisir, Bab El Bhar"
assistante commerciale et administrative,"El Menzah, Tunis"
Web designer,"La Soukra, Soukra"
Agent(e) télémarketing,"Mahdia, Tunisie"
Coordinatrice de projet,Sousse
Développeurs SAP - ABAP,Tunis
Spécialiste en marketing digitale,Tunis
Développeur Web PHP,Tunis
Technicien en Informatique débutant/ Commercial Sédentaire,Tunis
Graphiste / Designer - H/F,"Soukra, Ariana"
Consultants en BI,Ariana
Réviseur comptable,"Sfax Médina, Sfax"
Assistante Administrative,Sfax
Commercial,Tunis
Chef service comptabilité,"Megrine Riadh, Mégrine"
Un Financier,Ariana
Formateur Russe,Monastir (Gouvernorats)
Developpeur web - confirmé,Bizerte
Développeur De Test Automatisé,www.sastec-group.com
Gestionnaire approvisionnement,"Hammam Zriba, Ez-Zeriba"
Aide magasinier,"Raoued (Déléguations), Ariana"
Technicien en génie mécanique,Bizerte
Développeur IOS,Luxembourg (LU)
Développeur IOS ,Luxembourg (LU)
Formateur informatique,"Megrine Riadh, Mégrine"
Assistante de direction,"La Marsa, Tunis"
Business Developer,Tunisie
Commercial,"Hammam Zriba, Hammam Zriba, Tunisie"
ASSISTANTE ADMINISTRATIVE ET COMMERCIALE,"Berge du Lac, La Marsa"
Assistant Acheteur,Bizerte
Designer graphique,"Charguia 1, Soukra"
Technicien supérieur (SIVP) en physique,Algérie (DZ)
technicien supérieur (SIVP) en chimie,Algérie (DZ)
Conseillers client Assistance commerciale et technique,"Sousse Jawhara, Sousse"
Ingénieur QA,Tunisie
Magasinière,Tunis
Commercial Sédentaire,Tunis
Formateur SQL/PL SQL,Tunis
Crystal Reports,Tunis
Assistante de Direction,Ariana
Formateur Odoo (OpenERP),Tunis
Vendeuse,Ariana
Test Automation Engineer - QA Engineer - Tunis,Tunis
Test Automation Engineer - QA Engineer - Hammamet,"Hammamet (Déléguations), Nabeul"
Digital Marketing,Ben Arous (Gouvernorats)
Aide Comptable,Ariana
ASSISTANTE DE DIRECTION,"Carthage (Déléguations), Tunis"
Ingénieur en développement informatique,"Charguia, Tunisie"
Financière,"La Soukra, Soukra"
Un technicien en chimie,Tunis
Développeur Wordpress confirmé,Tunis
Technicien Mécanique ,Rue du lac Huron 
Chargés d'affaires / Chargés commerciale /Business devoloper,Sousse
"Développeur Web php : PHP, Laravel or Symfony",14 janvier
Pharmacien,"Charguia 2, Soukra"
Assistante de direction,Sfax
Formateur Tricotage expérimenté,Monastir (Gouvernorats)
comptable de comtabilité française,Tunis
Responsable de Direction,"Soliman (Déléguations), Nabeul"
Technicien Installateur Photovoltaïque,"La Marsa, Tunis"
Développeur web LARAVEL,Djerba 
Ingénieur Process (ingénieur Méthodes support Production).,"Raoued (Déléguations), Ariana"
Formateur ISO/IEC 27001 Management de la sécurité de l'information,Tunis
Chauffeur,"Kondar (Déléguations), Sousse"
COMPTABLE,Tunis
Designer Web / Mobile,"Sousse Jawhara, Sousse"
Ingénieur support applicatif,Tunis
Community Manager,Bizerte
Agent de facturation ,"Douar Hicher (Déléguations), Mannouba"
Assistant de ressource humaine (HOMME ),"Sidi Hassine (Déléguations), Tunis"
Responsable UAP,"Utique (Déléguations), Bizerte"
120 Télé-enquêteurs,"Charguia 2, Soukra"
120 Télé-enquêteurs,"Charguia 2, Soukra"
Ingénieur avant-vente,"Charguia 1, Soukra"
Ingénieur Commercial,Ariana
Commerciaux Terrain (B2B),Tunis
Conseillers commerciaux en assurances automobile,Tunis
Développeur Web/Mobile,Ariana
Une Back Office (diplôme en Biotechnologie ou en agroalimentaire),Tunis
Approvisionneur,"Soliman (Déléguations), Nabeul"
DIRECTEUR COMMERCIAL - Basé au Sahel,Sousse
Financier,Tunis
Superviseur de production injection,"Utique (Déléguations), Bizerte"
Développeur Web,"Berge du Lac, La Marsa"
BTS Maintenance industrielle,Tunis
Conseillers clients internet 1000 DT,Ariana
Assistante Commerciale,Sousse
Rappresentanti servizio client,"Berge du Lac, La Marsa"
Une assistante administrative et commerciale,Sousse
ouvrières sur machine,"Kalaâ Kebira, Sousse"
Technicien Régleur Injection,"Gammarth, Tunisie"
commercial showroom électrique et éclairage,"Cité El Khadhra, Tunis"
Agent de bibliothèque,"La Marsa, Tunis"
Un(e) développeur web/ Symfony,"El Omrane (Déléguations), Tunis"
Graphic Designer,Nabeul (Gouvernorats)
Contrôleur Qualité,Sousse
Enseignantes qualifiées de Primaire et Préscolaire recherchées,"Raoued (Déléguations), Ariana"
Techniciens Géomètre Topographe DAO - Techniciens en Cartographie DAO,Tunis
Technicien,Tunis
CHEF DE PRODUIT TEXTILE,Mannouba (Gouvernorats)
Architecte,"Ezzahra, Tunisie"
Consultants : Power BI,"El Menzah 6, Ariana Médina"
Comptable,Tunis
Développeur et Référenceur Web,Sousse
formateurs langues et informatique,Sfax
Assistant Achats et Moyens Généraux,"Chotrana 2, Soukra"
Storyboarders /Illustrateur (H/F),Tunis
Graphiste Senior,Sousse
Responsable de site,"Hammamet (Déléguations), Nabeul"
Une Assistante,"centre urbain nord, Tunis"
Agent de Transit,"Grombalia (Déléguations), Nabeul"
Ingénieur Java J2EE,Sophia Antipolis
Assistante Commerciale et Administrative,Sousse
Agent de saisie d’Appels d’offres (H/F),Tunis
Ingénieur Microsoft AZURE,"Montplaisir, Bab El Bhar"
Ingénieur en informatique,"La Soukra, Soukra"
Chef d'agence,"Djerba Midoun, Médenine"
Commercial 3D designer,"Khaznadar, Le Bardo"
Profil parlant bien l’allemand  H/F,Sfax
Développeur Web FrontEnd. / BackEnd,"Berge du Lac, La Marsa"
Responsable logistique,"Boumerdes, Mahdia, Tunisie"
Financial Advisory - Consultant Transaction Services,Tunis
Directeur / Directrice,Sousse
Consultant Organisation et Process,"Berge du Lac, La Marsa"
Investement Manager,Tunis
Gestionnaire des Ressources Humaines,Tunis
Intégrateurs HTML/CSS3/Bootstrap,Tunis
Développeur web BackEnd/FullStack - H/F (SIVP),"Evaste, Ariana, Tunisie"
Un(e) Responsable Qualité GR 19/001,Nabeul (Gouvernorats)
Formateur Primavera,Tunis
Formateur Robot,Tunis
Formateur AutoCAD Electrique,Tunis
Responsable Développement des Affaires,Tunis
Contrôleur de Gestion,Bizerte
Agents téléconseillers,Sousse
commerciaux (H/F),"La Marsa, Tunis"
Un(e) Comptable,"Mégrine, Ben Arous"
Développeur WEB sénior,Mahdia (Gouvernorats)
Développeur 4D sénior,Mahdia (Gouvernorats)
Développeur 4D avancé,Mahdia (Gouvernorats)
Chef de Cuisine d’un Fast-Food,"Ariana Médina, Ariana"
Technicien supérieur ( SIVP) en electricité,Algérie (DZ)
15 Téléacteurs pour la qualification de projets,"Megrine Riadh, Mégrine"
"IED Java JEE, PHP/Symfony, .NET, IOS, Android, IONIC - France","Paris, France (FR)"
Ingénieur Maintenance SIVP,Ben Arous (Gouvernorats)
Assistante Administrative Ressources Humaines,Sousse
Superviseur,"El Menzah 1, El Menzah"
Ingénieur Conception et Fabrication ,"Chebba, Mahdia"
Software Engineer,tunis
Software Engineer,"Tunis Belvedere, El Menzah"
Recrutement Immédiat,Tunis
Adjoint métrologie,"Fouchana (Déléguations), Ben Arous"
Développeurs iOS,Monastir (Gouvernorats)
Développeurs expérimentés .Net ou Java,Sousse
Développeur web BackEnd/FullStack - H/F (CDI),"Evaste, Ariana, Tunisie"
Superviseur de production,Ben Arous (Gouvernorats)
DRH confirmé,Tunis
Stagiaire en ressources humaines,Tunis
Formateur réparation carte électronique,Tunis
Chargé de communication,"La Goulette (Déléguations), Tunis"
Techniciens supérieurs en imagerie médicale,"Djerba Houmet Souk, Médenine"
Préparateur de commandes : ,tunis-ariana
Chargés clients (réception d'appels),"Megrine Riadh, Tunisie"
TECHNICIEN EN INFORMATIQUE ET RÉSEAU,Sousse
"Formateur data science ( machine learning, deep learning, big data)",Tunis
DÉVELOPPEUR FULL STACK Prestashop,Tunis
Référenceur SEO,Tunis
01 Graphiste / Designer 2D / 3D,"La Marsa, Tunis"
Ingénieur Data : BI/SQL,France (FR)
Des téléopérateurs pour la prise des RDV,Sousse
Téléopérateurs (rices),Sousse
Webmaster (H/F),Sfax
Un Responsable Etude & Méthode,Rades
Développeur Web et/ou Mobile,Tunis
Assureur conseil en assurance santé et automobile,Tunis
Responsable commercial Export,"Ben Arous, Tunisie"
Dévelopeur webmaster,Tunis
Un(e) technicien(ne) supérieur(e) en informatique,Tunis
Ingénieurs juniors en .NET,"Montplaisir Tunis, Tunisie"
Ingénieurs confirmés en .NET (Web),Tunis
Développeur Android / IOS Confirmé,Nabeul (Gouvernorats)
Stagiaires PFE en développement BI,Tunis
Community Manager,Monastir (Gouvernorats)
Webmaster,"La Marsa, Tunis"
Chefs de projet,Monastir (Gouvernorats)
CHAUFFEUR,Tunis
téléopérateurs (H/F),41 avenue khaireddine pacha montplaisir tunis
Téléconseillers Commerciaux BTOB,"Charguia 2, Soukra"
Un(e) Graphiste,Tunis
Ingénieur Système et Réseau,"Berge du Lac, La Marsa"
Un/Une Technicien(ne) en électronique ou informatique industrielle,Sfax
Développeur  WEB ,Sfax
Développeur front-end,Sfax
Approvisionneur,Tunis
Technicien supérieur énergétique CENTRE,Sousse
Développeur Mobile Ios / Android,Sfax
Centre d’appel HAMMAMET ,"Hammamet (Déléguations), Nabeul"
Webmaster / Webdesigner,"Charguia, Tunisie"
Infographiste - Web Designer,"Sousse Jawhara, Sousse"
Télé-vendeur(se) expérimenté(e),"Hammam Sousse (Déléguations), Sousse"
Télé-commercial(e) expérimenté(e),"Hammam Sousse (Déléguations), Sousse"
Commercial sédentaire (formation),Ariana
Comptable,Ariana
Formateurs en Ingénierie de pétrole,Sfax
Formateur Qualité,Sfax
Senior Developer Java J2EE,Tunis
10 Télévendeurs en assurances,"Megrine Riadh, Mégrine"
Architecte d'interieur commercial,"La Soukra, Soukra"
20 télé-acteurs et actrices pour l'émission et réception d'appels,Tunis
Superviseur d'équipe,Tunis
DIRECTEUR DES RESSOURCES HUMAINES,Tunis
Un Responsable de Management Qualité,Monastir (Gouvernorats)
Infographiste / WebDesigner,Tunis
Designer UI/UX (Web & Mobile),www.sastec-group.com
Chargée administrative et RH,Tunis
Développeur Symfony,Bizerte
"Développeur ios/swift 4 : ios, swift 4",France (FR)
Agents de Méthode,Monastir (Gouvernorats)
Un Responsable de Management Qualité,Monastir (Gouvernorats)
Assistante Commerciale Débutante,Tunis
Développeurs confirmés ODOO,Ariana
Développeur iOS confirmé,"Sousse Jawhara, Sousse"
Développeur Mobile iOS junior - TUN,Tunis
Développeur C#,France (FR)
1 standardiste - Hôtesse d'accueil,Tunis
Customer Success Manager grands comptes B2B H/F,"Berge du Lac, La Marsa"
Chargée de comptes clients,Tunis
"Formateur Python/Odoo, React Js, AWS, Devops",Tunis
"téléopératrice ,réception d'appel",Tunis
Stage en développement web,"Berge du Lac, La Marsa"
Technicien Supérieur en Génie Civil,"El Menzah 7, Ariana Médina"
Enseignante d'anglais Elmourouj,"El Mourouj (Déléguations), Ben Arous"
Superviseur HSE,Sfax
Consultant en Gestion de l'Information (EIM),Sfax
Community Manager,Sousse
Assistante Management de qualité,Sfax
Responsable Production,Monastir (Gouvernorats)
Chef produit,Monastir (Gouvernorats)
Developpeur Prestashop,Tunis
Comptable,"La Soukra, Soukra"
Assistante de Direction,Tunis
Magasinier / Responsable de stocks (Kairouan),Kairouan
Directeur Administratif et Financier (Sousse),Sousse
3 INGÉNIEURS INFORMATIQUE - DEVELOPPEUR EXPERT PHPS,Tunis
Conseiller Client / vendeuse,Tunis
Chargé de Relation Client Internet (H/F),"El Menzah, Tunis"
Télé-Opérateurs,Sousse
Project Manager,Tunisie
Commercial(e) Sédentaire,Tunis
Dessinateur en BÂTIMENT (DAO),Tunis
Responsable Billetterie,Tunis
Ingenieur Developpement Logiciel MQTT (IOT sensors),Sousse
Une modéliste,Sousse
Responsable Commercial BTP,Tunis
Contrôleur Restauration,"Mégrine, Ben Arous"
Agent de méthode textile,Sfax
un(e) agent de méthode,"Enfidha (Locality), Sousse"
Architecte ,Tunis
Assistante de Direction,Ariana
Enseignante de Maternelle,"La Marsa, Tunis"
Une assistante Juridique,monastir
Des enquêteurs,"Tunis, Tunisie"
Ingénieur Logiciels Embarqués Confirmé,Nabeul (Gouvernorats)
Contrôle de Gestion,Tunis
Technicien Supérieur en Génie Civile,sousse/MonastirTunis
ingénieur en electro-mécanique,sousse/Tunis
Responsable Qualité Site,"Hammam Zriba, Ez-Zeriba"
Office Manager,Tunisie
Un Technico-commercial,Rades
DÉVELOPPEUR WEB et APPLICATIONS,"Sousse Jawhara, Sousse"
Développeur C# ASP.NET,"Complexe Technologique, Raoued, El Ghazela"
SAP Expert in Logistics,Sousse
Secrétaire standardiste,Tunis
Agent de recouvrement,Tunis
Secrétaire standardiste,Tunis
Customer Care Representative,"Berge du Lac, La Marsa"
Directeur Administratif et Financier (Alger),Alger
Technicien maintenance confirmé,Zaghouan (Gouvernorats)
Responsable d'équipe avec expérience H/F,"Sousse Jawhara, Sousse"
Collaborateur Helpdesk Dental (H/F),"La Marsa, Tunis"
Suppot services Clientèles,"Sousse Jawhara, Sousse"
Un community manager ,Tunis
INGÉNIEUR QUALITÉ PRODUIT,Sousse
Opérateur de saisie maîtrisant la langue allemande,Montplaisir
Graphiste,"Hammam Sousse (Déléguations), Sousse"
Responsable Comptabilité,Ariana
Téléconseillers (ères),"El Menzah 7, Ariana Médina"
Chef service financier,"Megrine Riadh, Mégrine"
Développeur Android confirmé,Rue Raed Bejaoui Immeuble Elhefiene 1 er etage bureau N°A1 400 Sousse
Téléconseillers (ères),"El Menzah 7, Ariana Médina"
conseillères de vente,Route de Tunis GP1 Immeuble Ines Akouda Sousse
2 Chargés Qualité,"Megrine Riadh, Tunisie"
Recrutement Téléopérateurs(trices),Tunisie
Assistante de direction / Responsable Bureau d'ordre,"La Marsa, Tunis"
Téléconseillers (ères),"El Menzah 7, Ariana Médina"
Techniciens de test et validation,"Monastir, Tunisie"
Web Master WordPress,Ariana
Assistant(e) administratif & responsable commercial,"Tunis, Tunisie"
Surveillant(e),"La Marsa, Tunis"
Coordinateur Logistique Client,"Grombalia (Déléguations), Nabeul"
Responsable management qualité,"Enfidha (Déléguations), Sousse"
Développeur PHP et Applications mobiles,Bureau A1 - 22 rue de l'artisanat ZI Charguia 2
Spécialiste Paie Française,Sousse
Des Assistantes commerciales,"El Menzah 1, Tunis, Tunisie"
"Développeurs C, Python / réseau ",Nice
Infographiste expérimenté spécialiste web,Nabeul (Locality)
Chef de cuisine,"La Marsa, Tunis"
Développeur .NET ,Tunisie
Directeur d'Exploitation,Sousse
Un développeur / intégrateur Web Expérimenté (H/F),Les berges du Lac
Directeur artistique,Tunis
 UI/UX Designer,Tunis
Scrum master,Ile de france 
Gestionnaire de Communauté francophone,Tunis
Référenceur web,"Charguia 1, Soukra"
Directeur Juridique,Tunisie
Product Owner,Sousse
5 Consultants techniques confirmés SalesForce,Tunis
Programmeur Statistique (f/h),"14, Rue Ahmed Rami"
Digital Marketing / Community Manager (SIVP),"Evaste, Ariana, Tunisie"
Gestionnaire de stock,Tunis
Team Leader prise de RDV,Ben Arous (Locality)
Assistante SIVP,"La Marsa, Tunis"
conseiller vente,"Soukra, Ariana"
un/une Commercial(e) sédentaire fidélisation B to B,"La Marsa, Tunis"
Technicien supérieur ( SIVP) en métrologie,Algérie (DZ)
COMPTABLE,Tunis
Technicien Maintenance industrielle,"Sousse Sidi Abdelhamid, Sousse"
Téléconseillers(es) en B2B + BtoC,"Sousse Médina, Sousse"
Conseillers en Immobilier motorisés,"Mutuelle Ville, El Menzah"
Agents immobiliers juniors,Banlieu nord 
Réception d'appel Français,Tunis
Ingénieure Hydraulique,"La Soukra, Soukra"
CHARGE DE RECOUVREMENT (H/F),Tunis
Junior/middle Mobile Developer (Android),Tunis
UX/UI Designer,Tunis
SEO Specialist,Work from Home
Senior Engineer Plant Layout and Piping Design,Sousse
Ingénieure Technico Commercial,"Avenue de l’environnement résidence ELYES Bloc 68 N° 23-24, La Soukra 2036 – Tunisie"
Stagiaire Ingénieure Hydraulique,"Avenue de l’environnement résidence ELYES Bloc 68 N° 23-24, La Soukra 2036 – Tunisie"
Responsable Contrôle Qualité,Ben Arous (Gouvernorats)
Rédacteur/Rédactrice web Français,"Hammam Lif (Déléguations), Ben Arous"
Développeur Full Stack JAVA JS,France (FR)
Teléconseillers pour prise de rendez-vous,"Charguia 1, Soukra"
Senior Communications Manager,Tunis
Génie Opérateur H/F,Tunis
Commerciaux cloud,"Charguia 1, Soukra"
Développeurs Java-J2ee Expérimenté DECADE SFAX-(H/F),Sfax
Développeurs Web PHP Expérimenté (H/F) - DECADE SFAX,Sfax
Développeurs Web PHP Junior (H/F) - DECADE SFAX,Sfax
Développeurs Java-J2ee Junior (H/F) -DECADE SFAX,Sfax
Ingénieurs Informatique : CDI Français- Paris,"Paris, France"
Télévendeurs ,Lafayette Tunis
Technicien maintenance spécialisé injection,"Utique (Déléguations), Bizerte"
Chargée Ressources Humaines (F),Ben Arous (Gouvernorats)
TECHNICO-COMMERCIAL,Ariana
Recepcionando llamadas - Teleoperadores bilingüe : Español y Francés,Tunis
Chargé Ressources Humaines,Tunis
Responsable IT,"Tunis, Tunisie"
Assistant (e) comptable et Administratif,Tunis
Event Coordinator / Event Coordinator (English-speaking),Tunis
Junior Engineer Plant Layout and Mechanical Design,Sousse
Web Developer,"Cité El Khadhra, Tunis"
Contrôleur de Vente,Tunis
Mobile IOS Developer (m / w),"Centre Urbain Nord, Tunis, Tunisie"
Senior Administrator (m/f) - Microsoft Cloud,Tunis
Expert Technique (H/F)-DECADE Tunis,"Tunis, Tunisie"
TE B2B ET B2C,Tunis
Développeur Web – Full Stack PHP (H/F),"IMH INFORMATIQUE, Ariana, Tunisie"
Développeur Web – Full Stack PHP (H/F),"IMH INFORMATIQUE, Ariana, Tunisie"
Développeur Web – Full Stack PHP (H/F),"IMH INFORMATIQUE, Ariana, Tunisie"
IT Regional Director,"Berge du Lac, La Marsa"
Responsable Qualité Produits,"Ras Djebel, Bizerte"
Responsable Technico-commercial,Sousse
Agent Méthode,"Enfidha (Déléguations), Sousse"
conseiller client,"Montplaisir, Bab El Bhar"
Ingénieur(e) - Process & Méthode,"Le Kram (Déléguations), Tunis"
Développeur Machine Learning,"Charguia 1, Soukra"
Community manager / Web Master,"Mégrine, Ben Arous"
Assistante commerciale,Tunis
Téléconseillers commerciaux,"Berge du Lac, La Marsa"
Enseignant(e)s pour la Maternelle de l’École Canadienne de Tunis (ECT),"Charguia 1, Soukra"
Développeur JavaScript ( ReactJS ),Tunis
Opération Prise de RDV,Sousse
Téléopérateurs,3 Bis Rue Beja Beb lkhadhra
Téléopérateurs,3 Bis Rue Beja Beb lkhadhra
Gestionnaire Comptable,"Mégrine, Ben Arous"
Téléopérateurs,3 Bis Rue Beja Beb lkhadhra
Téléopérateurs,3 Bis Rue Beja Beb lkhadhra
Téléopérateurs,3 Bis Rue Beja Beb lkhadhra
Téléopérateurs,3 Bis Rue Beja Beb lkhadhra
téléopérateurs prise de rdv téléassistance ,"Tunis, Tunisie"
Téléopérateurs,3 Bis Rue Beja Beb lkhadhra
Vendeuse,"Berge du Lac, La Marsa"
Continuous improvement engineer,Tunis
Full-Stack Developper,Tunis
IT ERP System Developer administrator Specialist,"Sidi Hassine (Déléguations), Tunis"
Chef de projet Technique (H/F) - DECADE SFAX,Sfax
Chef de projet Data Management ,"Ariana Médina, Ariana"
TS Maintenance : Mécanique,"Soliman (Déléguations), Nabeul"
"Télé-opérateurs(trices) pour émission d""appels",Tunis
Prise RDV,Bizerte
Prise RDV,Ariana
Télé-enquêteurs,"Lafayette, Tunis, Tunisie"
Chargé(e)s de Clientèle H/F en réception d'appels,"La Soukra, Soukra"
Un chef Comptable,Tunis
Responsable Financier,Tunis
Recrutement Téléopérateurs(trices),Tunisie
Recrutement Téléopérateurs(trices),Tunisie
Recrutement Téléopérateurs(trices),Tunisie
Ingénieur Qualité Fournisseurs,Tunis
Ingénieur Qualité Fournisseurs,Tunis
Java Developer,Tunis
Stagiaire_ZAP,Tunisie
responsable exploitation,"La Marsa, Tunis"
PV Specialist Near East North West Africa,Tunis
Intégrateur DevOps - NeoXam R&D,Tunis
Auditeur junior interne Terrain,"Le Kram (Déléguations), Tunis"
Chargé(e) de recrutement,"Cité El Khadhra, Tunis"
Rédactrice Web en Anglais,Ben Arous (Gouvernorats)
Développeur Mobile react native senior (H/F),Tunis
Développeur C#/.NET,Sousse
Responsable commercial,"Mégrine, Ben Arous"
Technico-commercial ,Ariana
Technico-commercial ,Ariana
Consultant Data Engineer (f/h),"14, Rue Ahmed Rami"
Administrateur poste de travail,France (FR)
Test Automation Engineer,"Mégrine, Ben Arous"
Technicien supérieur,"Teboulba (Déléguations), Monastir"
Key Account Manager,Tunis
Superviseur,"Megrine Riadh, Tunisie"
Directeur/Directrice Technique (H/F),"El Ghazela Centre, Tunisie"
Senior C# Test Automation Developer,Tunis
Java Developer,Sfax
Téléopérateur / Téléopératrice,Tunis
Professeurs d'Anglais,"10 Bis rue Ibn El Jazzar, Lafayette 1002, Tunis"
Professeur d'Allemand,"10 Bis rue Ibn El Jazzar, Lafayette 1002 Tunis"
Enseignante d'Anglais ,"10 Bis rue Ibn El Jazzar, Lafayette 1002 Tunis"
professeur d'Anglais ,"10 Bis rue Ibn El Jazzar, Lafayette 1002 Tunis"
Technicien Réseaux Routage et Switching,Les Berges du Lac
community manager / marketing,"Berge du Lac, La Marsa"
Assistante Administrative,"Mégrine, Ben Arous"
Secrétaire / Assistante,Tunis
Agent service client -Support / Espagnol-Français-Anglais,"Berge du Lac, La Marsa"
un conseiller clientèle,Sfax
Technico Commercial Back Office,Sfax
Assistante de Direction,Tunis
Assistante de direction,Tunis
IT Developer Specialist,"Sidi Hassine (Déléguations), Tunis"
SUPPORT APPLICATIONS,Ben Arous (Gouvernorats)
Senior web developer,"Tunis, Tunisie"
Chargé(e) de recrutement (h/f),Tunis
Developpeur WEB,Tunis
Un cadreur ou cadreur-monteur audio-visuel,"El Menzah, Tunis"
"Offre de Stage ""Graphiste""",SFAX
Techniciens supports (Réception d'appels),Tunis
PHP Developer,Tunis
Infra Support and Security Administrator,Tunisie
Java Software Developer,Ariana
Junior Web developers,Tunis
"Responsable Comptabilité, Finances et Paie H/F","Enfidha (Déléguations), Sousse"
Développeur SWIFT ,Luxembourg (LU)
Développeur Web Full-Stack H/F,Tunis
Chargé d’appels fidélisation (temps plein),"Charguia 1, Soukra"
Responsable des Ressources Humaines,Tunis
Spécialiste en Communication Web,Sfax
Consultant AX Fonctionnel,"Mégrine, Ben Arous"
Business Developer One Click H/F,"Berge du Lac, La Marsa"
assistante commerciale,"La Mannouba, Mannouba"
Ingénieur EDI,"Berge du Lac, La Marsa"
Développeur Mapping EDI,"Les Berges du Lac, Tunis, Tunisie"
Ingénieur ETL / EDI,"Berge du Lac, La Marsa"
Technical Analyst,Ariana
Expert Réseau et Securité / France,France (FR)
Ingénieur intégration continue et qualité logiciel H/F,Tunis
Responsable administratif et financier H/F,"Berge du Lac, La Marsa"
Directeur d’Hébergement,Monastir (Gouvernorats)
"Conseiller commercial, ","Cité El Ghazala 2, Raoued"
Responsable Marketing,Tunis
conseiller de vente ,la soukra
Assistant (e) de saisie comptable,Tunis
MODÉLISTE EN CONFECTION ,Sousse
Opérateurs en Emission et Réception d’appels,"Montplaisir, Tunis, Tunisie"
Responsable d'activité Junior,Tunis
Commercial sédentaire,Tunis
Conseillers clients FR (réception d'appels),Tunis
Expert Technique (H/F)- DECADE Monastir,"Monastir, Tunisie"
Développeurs Web Java-J2ee (H/F) - DECADE Monastir,"Monastir, Tunisie"
Développeurs Web Java-J2ee (H/F) - DECADE Tunis,"Tunis, Tunisie"
Développeurs Web PHP (H/F) - DECADE Tunis,"Tunis, Tunisie"
operation manager ,"El Menzah 1, El Menzah"
Commercial Terrain- Apporteur d'affaire,Toute la Tunisie
Assistant de ressources humaines,"Boumerdes, Mahdia, Tunisie"
CADRE COMPTABLE,Tunis
Télévendeurs/Téléopérateurs,Ariana
Vous cherchez un job passionnant ! Rejoignez notre team de Traffic Managers h/f,Tunis
 Chargé (e) de Relation Client,Tunisie
Développeur Mobile H/F,Tunis
Intégrateur WEB - H/F (CDI),Ariana
Télé conseillère,"Sousse Médina, Sousse"
Teleconseillere,Sousse médina 
Assistante Export,Ariana
Assistante Commerciale,"Le Kram (Déléguations), Tunis"
Téléopérateurs,"Sousse Jawhara, Sousse"
Encadrant(e)-accompagnateur commercial,"Charguia 1, Soukra"
Stage Développement IPHONE/ANDROID,Tunis
Télévendeurs qualifiés JUNIOR/SENIOR :,31 Rue des entrepreneurs Charguia 2
Technicien supérieur (SIVP) en maintenance industrielle,Algérie (DZ)
Des téléprospecteurs(euses),Sousse
Vendeuse,"Ezzahra (Déléguations), Ben Arous"
CONSEILLERS CLIENTS (TRANSPORT DE MARCHANDISES),les berges du lac2
recrute urgent télévendeuses qualifiées,Tunis
Auditeur Interne,Hammamet 
Contrôleur des revenus,Hammamet 
Auditeur GRH,"Hammamet (Déléguations), Nabeul"
Contrôleur de Gestion / Département Commercial,"Hammamet (Déléguations), Nabeul"
Contrôleur de Gestion / SERVICE GRH,"Hammamet (Déléguations), Nabeul"
Commercial / Hôtellerie ,"Hammamet (Déléguations), Nabeul"
Commercial Online,"Hammamet (Déléguations), Nabeul"
Assistant(e) Marketing,"Berge du Lac, La Marsa"
Hôtesse d’accueil,"Carthage (Déléguations), Tunis"
GESTIONNAIRE (SIVP),"Enfidha (Déléguations), Sousse"
Technicien Machine,Maroc (MA)
TECHNICIEN SUPÉRIEUR MÉCANIQUE,"Hammam Zriba, Zaghouan, Tunisie"
Technicien informatique - Helpdesk,Mannouba (Gouvernorats)
Technicien supérieur (SIVP) en maintenance,Algérie (DZ)
Développeur Wordpress (Stage),Sousse
Technico-commercial,"Montplaisir, Bab El Bhar"
Développeur Informatique Junior.,Les berges du Lac
Technicien Electrique (H/F),Ariana
Développeur java Paris ,"Ariana Médina, Ariana"
Expert en Fiscalité Internationale,Tunis
Technicien,"La Charguia II, Tunis, Tunisie"
Développeur Web,"Berge du Lac, La Marsa"
Community Manager,Ariana
Assistante Commerciale,Ariana
Télésecrétaire en Réception d'Appels,"Avenue de la Bourse, Tunis, Tunisie"
Développeur Web PHP/WordPress,"Complexe Technologique, Raoued"
Développeurs Web  PHP (H/F) - DECADE Monastir,"Monastir, Tunisie"
Consultant Junior en Sécurité des systèmes d’information,"Berge du Lac, La Marsa"
3 développeurs FullStack .Net Core / Angular,Sousse
téléconseillers et téléconseillères,"Hammam Sousse (Déléguations), Sousse"
Techniciens Support Exploitation Junior,Tunis
Business Developer B2B H/F,"Berge du Lac, La Marsa"
OPÉRATRICE DE SAISIE,Ariana
téléconseillers et téléconseillères,"Hammam Sousse (Déléguations), Sousse"
Styliste modéliste ,"Sousse Médina, Sousse"
Designer graphique,Sfax
téléconseillers et téléconseillères,"Hammam Sousse (Déléguations), Sousse"
Négociateur(rice),"Béni Khalled, Tunisie"
téléconseillers et téléconseillères,"Hammam Sousse (Déléguations), Sousse"
TA (H/F) B2B,Tunis
téléconseillers et téléconseillères,"Hammam Sousse (Déléguations), Sousse"
téléconseillers et téléconseillères,"Hammam Sousse (Déléguations), Sousse"
Télévendeur ( H/F),Tunis
Télé Enquêteurs/trices en ARABE maîtrisant les dialecte orientaux,Ariana
Ingénieur Télécom SIVP,Tunis
Ingénieur développement JAVA,Paris
téléconseillers et téléconseillères,"Hammam Sousse (Déléguations), Sousse"
Commerciaux (H/F),Tunis
téléconseillers et téléconseillères,"Hammam Sousse (Déléguations), Sousse"
ingénieur Télécom SIVP,Tunis
téléconseillers et téléconseillères,"Hammam Sousse (Déléguations), Sousse"
Responsable des ressources humaines,"Soliman (Locality), Nabeul"
Une ingénieure électrique,Sfax
téléconseillers et téléconseillères,"Hammam Sousse (Déléguations), Sousse"
Développeur C# .Net junior,Tunis
téléconseillers et téléconseillères,"Hammam Sousse (Déléguations), Sousse"
téléconseillers et téléconseillères,"Hammam Sousse (Déléguations), Sousse"
Télé Enquêteurs/trices en ARABE maîtrisant les dialecte orientaux :,Ariana
téléconseillers et téléconseillères,"Hammam Sousse (Déléguations), Sousse"
Responsable RH,"Sidi Hassine (Déléguations), Tunis"
téléconseillers et téléconseillères,"Hammam Sousse (Déléguations), Sousse"
téléconseillers et téléconseillères,"Hammam Sousse (Déléguations), Sousse"
Négociateur(rice),"Béni Khalled, Tunisie"
Chargé Qualité et Formation,Tunis
Chargé(e) d’Activité Gestion des Achats,"El Menzah, Tunis"
téléconseillers et téléconseillères,"Hammam Sousse (Déléguations), Sousse"
Chargée de Marketing,Tunis
Office Manager,"Les Berges du Lac, Tunis, Tunisie"
Directeur (rice) Service Business Unit,Tunis
Account Manager,"Charguia 1, Soukra"
Conseiller commercial,"La Marsa, Tunis"
Analyste SOC (Security Operation Center),Tunis
Télévendeurs/Téléopérateurs,La Soukra
Télévendeurs/Téléopérateurs,Sahloul
Télévendeurs/Téléopérateurs,Beb Rmel
Télévendeurs/Téléopérateurs,Soukra
Responsable Audit Interne,Tunisie
Ingénieur/Développeur C/C++ Embarqué H/F,LAC 2
Modéliste,Sousse
Ingénieur Essai / SAV - Informatique Industrielle et Automatisme H/F,Tunis
Directeur Commercial & Marketing (domaine agro-alimentaire),Tunis
CONSULTANT D’INTÉGRATION,"Rue de l'artisanat, Tunisie"
Ingénieur Intégration Continue et Qualité Logiciel,Tunis
Développeur Mobile,Tunis
30 Conseillers en Relations Humaines et Parapsychologie,"Charguia 2, Soukra"
30 Conseillers en Relations Humaines et Parapsychologie,"Charguia 2, Soukra"
30 Conseillers en Relations Humaines et Parapsychologie,"Charguia 2, Soukra"
30 Conseillers en Relations Humaines et Parapsychologie,"Charguia 2, Soukra"
30 Conseillers en Relations Humaines et Parapsychologie,"Charguia 2, Soukra"
Administrateur Réseaux et Système,Tunis
Ingénieur Tests logiciels et Automatisation,France (FR)
30 Conseillers en Relations Humaines et Parapsychologie,"Charguia 2, Soukra"
30 Conseillers en Relations Humaines et Parapsychologie,"Charguia 2, Soukra"
30 Conseillers en Relations Humaines et Parapsychologie,"Charguia 2, Soukra"
30 Conseillers en Relations Humaines et Parapsychologie,"Charguia 2, Soukra"
30 Conseillers en Relations Humaines et Parapsychologie,"Charguia 2, Soukra"
30 Conseillers en Relations Humaines et Parapsychologie,"Charguia 2, Soukra"
Développeur senior SQL,"Linedata Tunisie, Centre Urbain Nord, Tunisie"
Développeur .Net senior,"Linedata Tunisie, Centre Urbain Nord, Tunisie"
développeur JAVA/JEE sénior,"Linedata Tunisie, Centre Urbain Nord, Tunisie"
Développeur Senior Delphi,"Linedata Tunisie, Centre Urbain Nord, Tunisie"
30 Conseillers en Relations Humaines et Parapsychologie,"Charguia 2, Soukra"
Développeur expérimenté javascript fullstack,Tunis
30 Conseillers en Relations Humaines et Parapsychologie,"Charguia 2, Soukra"
Technicien Validation,"Kalaâ Kebira, Sousse"
30 Conseillers en Relations Humaines et Parapsychologie,"Charguia 2, Soukra"
30 Conseillers en Relations Humaines et Parapsychologie,"Charguia 2, Soukra"
Un Technicien supérieur Customer Success Team,Tunis
Développeur Web Full Stack,Tunis
Chef de projet Technique (H/F)- DECADE Monastir,"Decade Tunisie, Monastir, Tunisie"
UN RESPONSABLE de MAINTENANCE,"La Soukra, Soukra"
Chargée RECRUTEMENT,"Bab Bhar, Bab El Bhar"
Ingénieur / Technicienne de support technique informatique,Tunis
Chargé qualité,Tunisie
Designer,Sfax
Des Agents Commerciaux (télévendeurs),Tunis
Ingénieur Logiciel expert en sécurité Android - Réf. 042019/CD,"Paris, France (FR)"
Ingénieur Agronome,"Charguia 2, Soukra"
Assistant(e) Ressources Humaines,Ben Arous (Gouvernorats)
CHEF DE PROJET,"Raoued (Déléguations), Ariana"
Responsable d’équipe Conduite d’activité,"Le Kram (Déléguations), Tunis"
Chargé(e) de recrutement,Tunisie
Ingénieur AngularJS (H/F).,Sfax
Développeur Informatique Sénior,Les berges du Lac
Ingénieur système windows /active directory /ad /powershell,"Paris, France (FR)"
Technicien Qualification,"Kalaâ Kebira, Sousse"
Conseiller client / Réception d'appel,Tunis
SUPERVISEUR,Tunisie
Stage PFE informatique de pré-embauche (Développement d'une application mobile android et iOs),"Jemmal, Jammel"
Technico commercial (H/F) Paris,"Ariana Médina, Ariana"
Data Scientist,"Charguia 1, Soukra"
Technico-commerciale,Sousse
Recrutement Téléopérateurs(trices),Tunisie
Responsable Magasin,Sfax
Profil francophone et anglophone,"Hammamet (Déléguations), Nabeul"
Développeur Windev,Kairouan
Recrutement Téléopérateurs(trices),Tunisie
Gestionnaire de stock,"Fouchana (Déléguations), Ben Arous"
Opérateur produit/informatique/instrumentation,Ariana
Ordonnanceur,"Zodiac AEROSPACE Tunisie, Soliman, Tunisie"
Technico commercial (H/F) Paris,"Ariana Médina, Ariana"
Designer,Tunis
Technicien de maintenance (maintenance Industrielle),"Tazarka, Nabeul, Tunisie"
Technicien Supérieur en électricité (TSE3),"Hammam Sousse (Déléguations), Sousse"
Technicien Supérieur – Dessinateur – Projets internationaux (TSD4),"Hammam Sousse (Déléguations), Sousse"
Commercial B to B,"Avenue de la Bourse, Tunis, Tunisie"
Responsable Ressources Humaines ,"Sousse Jawhara, Sousse"
Un/une chargé(e) de mission Tunisie & Maroc,"Maroc, Tunisie"
Assistant(e) de Direction,"Charguia 1, Soukra"
MISSION DÉVELOPPEUR LOGICIEL JAVA/EE EN FRANCE,France (FR)
Conseiller Commercial,Ben Arous (Gouvernorats)
Ingénieur Exploitation Senior H/F,Tunis
Responsable des opérations H/F,"Berge du Lac, La Marsa"
Chef d'équipe Java J2EE,Tunis
Comptable,"Charguia 1, Soukra"
Conseillers clients (Deutsch),"Charguia 1, Soukra"
Commerciale Sédentaire,Tunis
Développeur Front End UI Expérimenté H/F (5 ans d’expérience),Tunis - Lac 2
Technicien Impression Flexo - Typo,"El Fejja, Mornaguia"
Commerciale Sédentaire,"Cité El Khadhra, Tunis"
Commercial (agence Mégrine),"Mégrine, Ben Arous"
chargés de clientèle ,Tunisie
TECHNICIEN QUALITÉ LABORATOIRE (H/F),Tunis
Responsable Marketing & Communication,Sfax
Responsable Contrôle de Gestion,"Ras Djebel, Bizerte"
Technicien maintenance,"Raoued (Déléguations), Ariana"
Responsable Marketing & Communication,Tunis
Assistante de direction,Ariana
Adjoint au Responsable de la Maintenance Industrielle,Ben Arous (Gouvernorats)
Responsable Bibliothèque,Tunis
PATISSIER (e),mahrés
Téléconseillers,Tunis
Téléconseillers,Tunis
Pharmacienne,"Berge du Lac, La Marsa"
Administrateur Système et réseau CD/042019,France (FR)
D technicien CNC 3 axes et 5 axes,"La Marsa, Tunis"
Technicien support,"Berge du Lac, La Marsa"
Alphacom recrute des conseillers clients pour une opération B2C .,35 Avenus de paris 1000 Tunis
Ingénieur en systèmes embarqués (Developpement IOT Industriel),Sousse
Ingénieur en systèmes embarqués Modbus TCP/RS485 (Developpement IOT Industriel),Sousse
25 Téléconseillères Francophones,Sahloul
Développeur Javascript Fullstack ( React / Node / Microservice ),Tunis
Responsable Marketing,Sfax
Technicien en système de vidéosurveillance et système d'alarme,Ariana
akar,https://goo.gl/maps/yZpC1r1piQ72
Rédacteur (trice) web ,"Ariana Médina, Ariana"
Comptable / Contrôle de gestion,"Hammamet (Déléguations), Nabeul"
Chargés recrutement/ geladen Rekrutierung,"el manar, Tunis"
Développeur Javascript Fullstack ( React / Node / Microservice ),Tunis
Assistante administrative,Ariana
Gestionnaire de portefeuille client/ Service delivery manager,El Manar 1
Chef de secteur,Ariana
technicien conception et fabrication mecanique,"Korba (Déléguations), Nabeul"
Superviseur de Production CMS,Tunisie
Assistant RH/juridique Francaise,"Berge du Lac, La Marsa"
Assistante de Direction,"Mégrine, Ben Arous"
AKAR CALL CENTER recrute immédiatement,https://goo.gl/maps/yZpC1r1piQ72
Business analyste,"Paris, France (FR)"
chauffeur livreur,"Hammam Sousse (Déléguations), Sousse"
chef de secteur,la soukra
Fiscaliste,Tunis
Ingénieur développement C/C++ Linux embarqué,Ariana
SALES EXECUTIVE,Tunis
Vendeur/vendeuse,Tunis
Conducteur machine,"Korba (Déléguations), Nabeul"
Développeur Laravel Expérimenté,Sousse
ANIMATRICE COMMERCIALE,Ariana
Agent de recouvrement,Tunis
Ingénieur de test et validation Junior,Tunis
Ingénieur de test et validation Junior,"El Manar 2, El Menzah"
Magasinier,"Hammamet (Déléguations), Nabeul"
Rédacteur (trice) web,"Ariana Médina, Ariana"
Infographiste,Gabès
Des profils Devops,Ariana
Un Auditeur Interne et Contrôleur de Gestion,Ben Arous (Gouvernorats)
Assistant du Chef de Personnel.,"La Soukra, Soukra"
Assistant Juridique,"La Marsa, Tunis"
Formateurs en Marketing Digital,Sfax
responsable marketing,"Sakiet Ezzit (Déléguations), Sfax"
Téléopérateurs H/F,"Mégrine, Ben Arous"
Référenceur web / SEO Manager,Tunis
Ingénieur Customer Success Team,Tunis
UN RESPONSABLE de PRODUCTION,"La Soukra, Soukra"
Ingénieur Développement et Conseil JAVA J2EE,"Les Berges du Lac, Tunis, Tunisie"
Responsable Administratif et Financier,l'aouina
Développeur React Native (iOS / Android) (H/F),Tunis
Responsable Flux Physique,Ben Arous (Gouvernorats)
Recrutement d'un responsable de production dans un centre d'appel,Tunisie
Dessinateur/Illustrateur (H/F),Tunis
Technico Commercial Energies Renouvelables Afrique H/F,Tunis
Ingénieur Automaticien,"Soliman (Déléguations), Nabeul"
Des Techniciens Hotline Bilingues,"Charguia 2, Soukra"
Hotliners Bilingues Français/Anglais - Français/Italien - Français/Espagnol,"Charguia 2, Soukra"
Marketing & Community Manager,Tunis
Développeur JAVA J2EE Senior,Tunis
Développeur PHP/Mysql Framework Codeigniter,Ariana
Ingénieurs de développement .NET,Tunis
Ingénieur Devops,"Paris, France (FR)"
Méthodiste,"Mateur (Déléguations), Bizerte"
Graphiste,"La Marsa, Tunis"
Téléprospecteurs en émission d’appel,Tunis
Responsable Commercial,"Berge du Lac, La Marsa"
Développeur JAVA JEE Sénior,Tunis
Ressources humaines (Stage),"Ariana Médina, Ariana"
Booster BC recrute des Développeurs Web Back-end,"Hammamet (Déléguations), Nabeul"
Recrutement Responsable Back-office en call center,Tunisie
Téléopératrice,"Hammamet (Déléguations), Nabeul"
Chargé de production- Ingénieur tout domaine expérimenté,"Hammamet (Déléguations), Nabeul"
Business analyst expérimenté,"Hammamet (Déléguations), Nabeul"
2D - 3D DESIGNER,"Gammart, La Marsa"
CONTRÔLEUR DE GESTION,Tunis
Gestionnaire de Paie,Tunis
Des Téléprospecteurs,"Monplaisir, Tunis"
Un architecte,"El Mourouj (Déléguations), Ben Arous"
Manager point de vente Tunis - l'Aouina,tunis-ariana
Test Qualité,Tunis
Assistance Technique (langue française),"Complexe Technologique, Raoued"
Un Développeur ASP.Net MVC,"Charguia 2, Soukra"
téléopérateur (H/F),06 rue Madagascar 1001 Tunis
Office Manager ,Centre Urbain Nord 
agent commercial / agence de voyage,Sousse
Graphiste web designer,Ben Arous (Gouvernorats)
Responsable Administrative et financière,Sousse
Recrutement Agent de confirmation en prise des RDV.,Tunisie
Consultants Support-Fonctionnel (H/F),Tunis
Gestionnaire Backoffice (Réf.05.2019),Tunis
Comptable expérimenté,Tunis
Ingénieur Recherche et Développement,"Kalaâ Kebira, Sousse"
Technicien de Maintenance,"Fouchana (Déléguations), Ben Arous"
Ingénieurs Développement Web / Angular JS,Tunis
Chargée de Recrutement Marketing,Tunis
Directeur de production industrielle (secteur bâtiment),"El Mnihla, Ariana"
Téléopérateurs (H/F),"Hammam Sousse (Locality), Sousse"
Gestionnaire de paie française Confirmé(e),Tunis
UN RESPONSABLE TECHNIQUE,"Le Kram (Déléguations), Tunis"
Responsable Communication,Tunis
Développeurs Web & Mobile junior H/F (Tout diplôme),Ariana
Conducteur Machine,"La Soukra, Soukra"
Assistant Conception et et développement,Sfax
Ingénieur Logiciels embarqués,"Paris, France (FR)"
Développeur JAVA,"Bab El Bhar, Tunis"
un Ingénieur ou technicien supérieur Béton Armé H/F,"Fouchana (Déléguations), Ben Arous"
PROJECT MANAGER OFFICER,France (FR)
Responsable Qualité,Ben Arous (Gouvernorats)
Contrôleur Qualité,"Fouchana (Locality), Ben Arous"
Ingénieur Infrastructure IT/IP,Tunis
assistante de direction,Tunis
Domaine commerce international,Nabeul (Gouvernorats)
ASSISTANTE COMMERCIALE,"Sousse Jawhara, Sousse"
un (e) Agent Comptable Financier,Monastir (Gouvernorats)
Développeur Back Office DELPHI,Tunis
Community Manager,Tunis
Responsable Commercial H/F,Tunis
Community manager,"Tunis, Tunisie"
Technico-Commercial,"Grombalia (Déléguations), Nabeul"
Formatrices et formateurs en Comptable d'entreprise,Tunis
Infographiste,"El Menzah, Tunis"
Team manager,"Charguia 2, Soukra"
Responsable Magasin zone Soukra,Tunis
Responsable Marketing,"Charguia 2, Soukra"
Téléacteurs,Nabeul (Gouvernorats)
Team manager,"Charguia 2, Soukra"
Développeurs JAVA /Selenium (H/F),Monastir (Gouvernorats)
Développeur J2EE/Bigdata,France (FR)
Team manager,"Charguia 2, Soukra"
Team manager,"Charguia 2, Soukra"
Un Comptable Confirmé  (H/F),Tunis
RESPONSABLE DE SYSTÈMES D'INFORMATION,Ariana
Team manager,"Charguia 2, Soukra"
Responsable UAP,"ZI Sidi Abdelhamid, Sousse"
Team manager,"Charguia 2, Soukra"
Expert en information et communication (+10 ans d'expérience),Tunisie
Des Ingénieurs C# et .Net Débutants et expérimentés,Ariana
Consultant Junior Qualité (ISO 9001),Nabeul (Gouvernorats)
Consultant Senior Qualité (ISO 9001),Nabeul (Gouvernorats)
Comptable,Tunis
Team manager,"Charguia 2, Soukra"
Développeur backend,Rue Raed Bejaoui Immeuble Elhefiene 1 er etage N°A1 4000 Sousse
Community Manager,Tunis
Responsable développement RH ,"Le Bardo (Déléguations), Tunis"
Team manager,"Charguia 2, Soukra"
Assitante Administrative.,"El Manar 2, Tunis, Tunisie"
Team manager,"Charguia 2, Soukra"
Auditeur expérimenté,Ariana
Team manager,"Charguia 2, Soukra"
Team manager,"Charguia 2, Soukra"
Team manager,"Charguia 2, Soukra"
Chef d'équipe C++ (H/F),Tunis
Responsables d'équipes,Tunis
Dev Web Senior - Team Leader H/F,Tunis
Business Analyst/Assurance Qualité,"Charguia 2, Soukra"
Team manager,"Charguia 2, Soukra"
Consultants juniors et expérimentés,Tunis
Développeur mobile,Gabès
chargée de qualité specialisé en Mutuelle santé,Ariana
Vigie Data Miner,Ariana
Community Manager,Tunis
Team manager,"Charguia 2, Soukra"
Responsable Régional Produit,Ariana
chef de produit,Ben Arous (Gouvernorats)
Team manager,"Charguia 2, Soukra"
Directeur de Site H/F,Tunis
Spécialiste ADV Export H/F,Tunis
Développeur FullStack J2EE/Angular/NodeJS/React,France (FR)
Développeur Java confirmé en CDI Français,France (FR)
Cadre commercial export,Tunis
Finance Director Maghreb Countries ,Tunis
Plusieurs Ingénieurs de développement WEB,"Hammamet (Déléguations), Nabeul"
Chargé-e du Marketing Digital,Tunis
Responsable ASSURANCE QUALITE SITE,"Raoued (Déléguations), Ariana"
Chargé de qualité et de formation,Tunis
Correctrice/corecteur Opératrice de saisie,Tunis
 Développeur full stack,les berges du lac 1
Deux Ingénieurs concepteurs,Sousse
Télé-enquêteur ,Centre Urbain Nord
Téléprospecteurs (trices) en prise de RDV,Tunis
Télévendeurs (H/F) avec un niveau de français très avancé,"Charguia 2, Soukra"
Responsable Ressources Humaines,"Hammam Zriba, Ez-Zeriba"
Responsable marketing digital H/F,"Berge du Lac, La Marsa"
Une Vendeuse,"Berge du Lac, La Marsa"
Télévendeurs (H/F) avec un niveau de français très avancé,"Charguia 2, Soukra"
Technicien supérieur en gestion (Débutant),Tunis
Développeur Sénior .Net Full Stack,"La Marsa, Tunis"
Technicien en en gestion de stock,Monastir (Gouvernorats)
Graphiste / Designer - H/F (SIVP),"Evaste, Ariana, Tunisie"
Développeur Frontend / CMS - H/F (CDI),"Evaste, Ariana, Tunisie"
Télévendeurs (H/F) avec un niveau de français très avancé,"Charguia 2, Soukra"
Télévendeurs (H/F) avec un niveau de français très avancé,"Charguia 2, Soukra"
Coordinatrice/ Assistante commerciale,"El Aouina, Tunis, Tunisie"
Télévendeurs (H/F) avec un niveau de français très avancé,"Charguia 2, Soukra"
Développeur Informatique,"Charguia 1, Soukra"
Responsable Logistique Site,"Hammam Zriba, Ez-Zeriba"
Un Technicien supérieur fabrication de moules,Monastir (Gouvernorats)
Télévendeurs (H/F) avec un niveau de français très avancé,"Charguia 2, Soukra"
Commercial Chef de Produit,"Fouchana (Déléguations), Ben Arous"
Commerciale (F),Ariana
Administrateur systèmes et réseaux (Orienté web),Tunis
Télévendeurs (H/F) avec un niveau de français très avancé,"Charguia 2, Soukra"
Télévendeurs (H/F) avec un niveau de français très avancé,"Charguia 2, Soukra"
ASSISTANT TECHNIQUE (HELP DESK ),Tunis
Télévendeurs (H/F) avec un niveau de français très avancé,"Charguia 2, Soukra"
Technicien IT (H),Tunis
Télévendeurs (H/F) avec un niveau de français très avancé,"Charguia 2, Soukra"
Coordinateur Ressource Humaines (Junior),Tunis
Télévendeurs (H/F) avec un niveau de français très avancé,"Charguia 2, Soukra"
Assistante Commerciale,Sfax
Planificateur de production ,Béja
Télévendeurs (H/F) avec un niveau de français très avancé,"Charguia 2, Soukra"
Conseillers Clients en réception d'appels,Sousse
QA automatique,"Paris, France (FR)"
Télévendeurs (H/F) avec un niveau de français très avancé,"Charguia 2, Soukra"
Responsable Audit Interne,Tunis
Des télévendeuses qualifiées,Tunis
Développeur Web,Sousse
Recrutement Téléopérateurs(trices),Tunisie
Concepteur développeur back end /java jee/ spring,France (FR)
Technicien contrôle qualité produit,Ariana
Ingénieur Développeur Full Stack JS,France (FR)
Coach en évolution professionnelle,Tunis
Formateur(ice) Langues Française,Monastir (Gouvernorats)
Deux Ingénieurs Conception Mécanique,Sousse
Technicien Maintenance Industrielle,Tunis
Responsable Showroom,Ariana
Ingénieur Infrastructure Réseaux,Tunis
Web Designer Graphiste,Tunis
Comptable,"Bir Mchergua, Zaghouan"
Responsable qualité,Bamaco
Responsable Test et Validation SI,Tunis
Un(e) chargé(e) de recrutement ,Tunisie
Responsable de recrutement ,Nabeul (Déléguations)
Technicien supérieur ou licencié pour un atelier bande PVC et Caoutchouc,Tunis
Assistante Commerciale,Sousse
Ingénieurs de développement .NET confirmés,Tunis
Technicien qualité,Zaghouan (Gouvernorats)
Développeur PHP / Symfon,"El Menzah, Tunis"
Web Designer,Tunis
Analyste développeur / développeuse WinDev (H/F),"El Menzah, Tunis"
Chef de Projet Industriel,Tunis
Représentant commercial matériel roulant et semi-remorques,Libya (LY)
Rédacteur Journaliste,Tunis
Commerciales pour agence de tourisme médical,"Berge du Lac, La Marsa"
Chef Service Comptabilité,Tunis
Un/Une Comptable,Tunis
Assistant(e) de direction,Sfax
Chef projet qualité,Mahdia (Gouvernorats)
Stage pré embauche en Graphic Design H/F,Tunis
Chef de Projet - Marketing Digital,"El Menzah, Tunis"
Inspecteur Points de Vente ,Tunisie
Ingénieur commercial expérimente,"El Menzah, Tunis"
Coordinateur - PMO,"Charguia 2, Soukra"
20 Téléopérateurs (H/F) prise de RDV isolation 1euro,"Megrine Riadh, Mégrine"
Ingénieurs Java / J2ee expérimenté (CDI Français),Rennes/Nantes/Paris/Bourdeaux
Vendeur VEFA,"Tabarka (Déléguations), Jendouba"
"Ingénieur Etudes et développement Java/J2EE , Angular 6 FRANCE",Tunis
Chef Service Maintenance,Siliana
Techniciens Maintenance - Basé au Sahel,Sousse
Web Designer (H/F),Tunis
Directeur de Centre d’Appels,Tunis
PMO / Program Manager,Tunis
Conseiller clientèle: RECEPTION + EMISSION d'appels,"Charguia 2, Soukra"
Téléprospecteurs,"Charguia 2, Soukra"
Ingénieur textile,Sousse
Consultants MOA .MOE,Ariana
Consultants MOA/MOE,Ariana
Ingénieur développeur ODOO H/F,Sfax
Responsable Communication Digitale,Tunis
Conseiller clientèle: RECEPTION + EMISSION d'appels,"Charguia 2, Soukra"
Téléprospecteurs,"Charguia 2, Soukra"
Réceptionniste,Sfax
Développeur JAVA /JEE,Tunis
Expert Système & Réseau,France (FR)
Développeur Frontend / CMS - H/F (SIVP),"Evaste, Ariana, Tunisie"
Développeur-Intégrateur WEB expérimenté,Tunis
TÉLÉOPÉRATEUR / TÉLÉVENDEUR AVEC EXPÉRIENCE DANS LA VENTE DE SITES INTERNET,Tunis
Conseiller clientèle: RECEPTION + EMISSION d'appels,"Charguia 2, Soukra"
Téléprospecteurs,"Charguia 2, Soukra"
Conseiller clientèle: RECEPTION + EMISSION d'appels,"Charguia 2, Soukra"
Téléprospecteurs,"Charguia 2, Soukra"
Graphiste - Créative – Designer,"Berge du Lac, La Marsa"
Concepteur 3D câblages Automobile et Pièces Liées,"Tunis, Tunisie"
Designer,Tunis
Chef de projet digital ,Ariana
Conseiller clientèle: RECEPTION + EMISSION d'appels,"Charguia 2, Soukra"
Téléprospecteurs,"Charguia 2, Soukra"
Économe,Tunis
Commerciale,Tunis
Front end developer,Tunis
Responsable Marketing & Commercial,Tunisie
Conseiller clientèle: RECEPTION + EMISSION d'appels,"Charguia 2, Soukra"
Téléprospecteurs,"Charguia 2, Soukra"
Community Manager,Tunis
Conseiller(e) de vente,"La Marsa, Tunis"
Télévendeuse ou Télévendeur Expérimenté(e),Tunis
Ingénieur production,France (FR)
Rédactrice web ( Femme)   - Content Manager,"Nouvelle Médina, Ben Arous, Tunisie"
Formateur en call center,Tunisie
Conseiller clientèle: RECEPTION + EMISSION d'appels,"Charguia 2, Soukra"
Téléprospecteurs,"Charguia 2, Soukra"
Développeur expérimenté PHP,Kairouan
Conseiller clientèle: RECEPTION + EMISSION d'appels,"Charguia 2, Soukra"
Téléprospecteurs,"Charguia 2, Soukra"
Office Manager ,Centre Urbain Nord 
Conseiller clientèle: RECEPTION + EMISSION d'appels,"Charguia 2, Soukra"
Téléprospecteurs,"Charguia 2, Soukra"
Conseiller clientèle: RECEPTION + EMISSION d'appels,"Charguia 2, Soukra"
Téléprospecteurs,"Charguia 2, Soukra"
Développeur PHP,Sfax
Conseiller clientèle: RECEPTION + EMISSION d'appels,"Charguia 2, Soukra"
Téléprospecteurs,"Charguia 2, Soukra"
Commercial(e) - Community Manager,"La Soukra, Soukra"
Technicien supérieur en maintenance industrielle,Tunis
Ingénieur Développeur ASP .Net- Web Back-end,France (FR)
Spécialiste Web Marketing,Sousse
Conseiller clientèle: RECEPTION + EMISSION d'appels,"Charguia 2, Soukra"
Téléprospecteurs,"Charguia 2, Soukra"
Chef de Projets // Ingénieur Investissement & Gestion de Projets,"Ezzahra (Déléguations), Ben Arous"
Planificateur,"Raoued (Déléguations), Ariana"
Conseiller clientèle: RECEPTION + EMISSION d'appels,"Charguia 2, Soukra"
Téléprospecteurs,"Charguia 2, Soukra"
Expert Système & Réseau,France (FR)
Conseiller clientèle: RECEPTION + EMISSION d'appels,"Charguia 2, Soukra"
Téléprospecteurs,"Charguia 2, Soukra"
Intégrateur et développeur WEB,Mahdia (Gouvernorats)
CHARGE DES TRAVAUX DE MAINTENANCE Curatifs / Préventifs.,"La Soukra, Soukra"
Développeur Java/scala,Tunis
Conseiller clientèle: RECEPTION + EMISSION d'appels,"Charguia 2, Soukra"
Téléprospecteurs,"Charguia 2, Soukra"
Un (e) Conseiller Client ,Tunis
Développeur web (CMS Drupal),"El Menzah, Tunis"
Développeur,Sousse
Développeur SAP (F/H),"Monastir Republique, Monastir"
Chargée de recrutement - spécialisée dans les call center !,Tunis
Ingénieur de production linux/reseau,France (FR)
Chef de projets Marketing Senior.,Tunis
Ingénieur de production CD/042019,France (FR)
Ingénieur en Développement Confirmé C# .NET,"Paris, France (FR)"
Un responsable qualité et formation ,Tunisie
Responsable Ressources Humaines,Ariana
Consultant(e) confirmé(e) Business Intelligence,"Lac de Tunis, Tunisie"
architecte d'intérieur,Nabeul (Gouvernorats)
Architecte d'Intérieur -Designer Produit,Sousse
Stage Community Manager (H/F),Sousse
Community Manager (H/F),"Hammam Sousse (Déléguations), Sousse"
Ingénieur systèmes aéronautiques h/f,"Toulouse, France (FR)"
Infographiste,Sousse
Responsable Ressources Humaines ( Basé sur Sousse),Sousse
Conseillers Commerciaux BtoB,Tunis
Techniciens support IT Junior WEB/Cloud H/F,Tunis
Développeur Symfony,"Ariana, Tunisie"
Intégrateurs WEB (H/F) - EXPÉRIENCE EXIGÉE,Tunis
Consultant(e) confirmé(e) Business Intelligence,"Lac de Tunis, Tunisie"
Assistante administrative,Tunis
Un(e) Responsable Achat,"Akouda (Déléguations), Sousse"
Responsable Informatique,Tunis
Un(e) Responsable Achat,Sousse
Chargé Suivi Client Web,"42 Avenue Hédi Chaker, Tunis, Tunisie"
Directeur Administratif et financier DAF,"Charguia 1, Soukra"
Chef de Projet Technique,Tunis
